order_id,customer_id,product,quantity,price,order_date
ORD-00000,CUST-0082,Widget A,1,186.68,2026-09-06T13:44:00
ORD-00001,CUST-0029,Widget B,2,170.79,2026-09-13T09:50:00
ORD-00002,CUST-0012,Doohickey E,7,12.79,2026-09-03T03:10:00
ORD-00003,CUST-0028,Widget B,9,152.49,2026-09-13T18:30:00
ORD-00004,CUST-0026,Doohickey E,7,59.01,2026-09-14T09:49:00
ORD-00005,CUST-0036,Widget A,3,176.04,2026-09-08T17:49:00
ORD-00006,CUST-0036,Widget B,4,239.52,2026-09-08T15:49:00
ORD-00007,CUST-0014,Widget A,7,28.7,2026-09-20T06:50:00
ORD-00008,CUST-0045,Doohickey E,5,202.75,2026-09-17T14:31:00
ORD-00009,CUST-0059,Doohickey E,2,243.41,2026-09-09T14:43:00
ORD-00010,CUST-0011,Doohickey E,5,208.2,2026-09-15T01:47:00
ORD-00011,CUST-0114,Gadget C,10,52.11,2026-09-02T13:59:00
ORD-00012,CUST-0006,Widget B,5,246.38,2026-09-20T11:07:00
ORD-00013,CUST-0030,Widget A,7,73.1,2026-09-15T11:10:00
ORD-00014,CUST-0107,Gadget C,3,95.69,2026-09-05T18:25:00
ORD-00015,CUST-0086,Gadget C,2,154.24,2026-09-04T21:27:00
ORD-00016,CUST-0069,Widget B,3,118.25,2026-09-07T03:25:00
ORD-00017,CUST-0119,Doohickey E,4,172.73,2026-09-20T04:18:00
ORD-00018,CUST-0099,Widget A,4,206.34,2026-09-19T07:39:00
ORD-00019,CUST-0041,Gizmo D,5,21.22,2026-09-13T21:45:00
ORD-00020,CUST-0113,Gadget C,4,165.58,2026-09-10T00:04:00
ORD-00021,CUST-0114,Gizmo D,3,69.9,2026-09-06T14:41:00
ORD-00022,CUST-0096,Doohickey E,9,69.37,2026-09-14T07:15:00
ORD-00023,CUST-0055,Doohickey E,7,93.69,2026-09-04T03:32:00
ORD-00024,CUST-0066,Gizmo D,2,190.17,2026-09-20T14:16:00
ORD-00025,CUST-0015,Widget B,3,199.06,2026-09-10T14:33:00
ORD-00026,CUST-0077,Widget A,7,98.5,2026-09-11T15:37:00
ORD-00027,CUST-0068,Gadget C,9,215.89,2026-09-01T06:16:00
ORD-00028,CUST-0088,Widget A,9,188.97,2026-09-18T11:45:00
ORD-00029,CUST-0083,Gadget C,2,76.91,2026-09-04T14:22:00
ORD-00030,CUST-0059,Widget A,5,243.11,2026-09-18T08:07:00
ORD-00031,CUST-0023,Doohickey E,2,218.28,2026-09-07T18:59:00
ORD-00032,CUST-0108,Doohickey E,10,53.73,2026-09-09T12:12:00
ORD-00033,CUST-0098,Widget B,9,238.61,2026-09-13T01:38:00
ORD-00034,CUST-0118,Widget A,10,84.42,2026-09-01T10:38:00
ORD-00035,CUST-0015,Gadget C,5,63.67,2026-09-06T11:32:00
ORD-00036,CUST-0113,Doohickey E,2,25.99,2026-09-12T01:24:00
ORD-00037,CUST-0105,Widget A,9,192.63,2026-09-03T22:07:00
ORD-00038,CUST-0085,Gizmo D,9,45.46,2026-09-13T00:10:00
ORD-00039,CUST-0112,Doohickey E,7,241.27,2026-09-13T06:31:00
ORD-00040,CUST-0097,Widget B,5,102.75,2026-09-16T06:49:00
ORD-00041,CUST-0084,Gadget C,8,225.41,2026-09-11T06:34:00
ORD-00042,CUST-0016,Widget B,4,20.69,2026-09-01T11:29:00
ORD-00043,CUST-0076,Doohickey E,4,149.17,2026-09-01T03:55:00
ORD-00044,CUST-0010,Widget A,4,21.51,2026-09-01T17:09:00
ORD-00045,CUST-0111,Gadget C,2,130.97,2026-09-07T08:05:00
ORD-00046,CUST-0086,Gizmo D,4,137.11,2026-09-17T11:02:00
ORD-00047,CUST-0120,Doohickey E,10,120.8,2026-09-18T20:30:00
ORD-00048,CUST-0061,Gizmo D,4,28.11,2026-09-15T23:53:00
ORD-00049,CUST-0056,Gadget C,7,105.72,2026-09-20T15:46:00
ORD-00050,CUST-0094,Widget A,2,19.85,2026-09-17T13:42:00
ORD-00051,CUST-0044,Widget A,4,51.94,2026-09-13T04:53:00
ORD-00052,CUST-0058,Widget B,7,49.95,2026-09-11T12:39:00
ORD-00053,CUST-0032,Widget A,8,202.97,2026-09-20T11:28:00
ORD-00054,CUST-0071,Widget A,1,164.78,2026-09-13T07:13:00
ORD-00055,CUST-0108,Widget A,2,231.96,2026-09-20T07:30:00
ORD-00056,CUST-0031,Widget B,7,123.98,2026-09-05T20:44:00
ORD-00057,CUST-0111,Gizmo D,1,45.34,2026-09-01T01:10:00
ORD-00058,CUST-0050,Gadget C,8,74.89,2026-09-16T20:25:00
ORD-00059,CUST-0094,Doohickey E,8,42.93,2026-09-07T18:02:00
ORD-00060,CUST-0028,Widget A,10,185.26,2026-09-02T09:17:00
ORD-00061,CUST-0096,Gadget C,1,17.28,2026-09-11T20:23:00
ORD-00062,CUST-0065,Doohickey E,3,18.94,2026-09-12T13:20:00
ORD-00063,CUST-0011,Widget B,2,150.78,2026-09-16T08:45:00
ORD-00064,CUST-0111,Widget B,7,34.37,2026-09-13T23:07:00
ORD-00065,CUST-0032,Doohickey E,10,14.74,2026-09-02T20:46:00
ORD-00066,CUST-0054,Doohickey E,10,133.08,2026-09-06T22:24:00
ORD-00067,CUST-0027,Gadget C,4,70.08,2026-09-03T23:28:00
ORD-00068,CUST-0086,Gadget C,8,82.46,2026-09-18T02:37:00
ORD-00069,CUST-0120,Widget A,1,117.28,2026-09-13T19:28:00
ORD-00070,CUST-0013,Widget A,9,57.22,2026-09-07T00:50:00
ORD-00071,CUST-0017,Gadget C,2,220.42,2026-09-09T09:48:00
ORD-00072,CUST-0037,Widget B,8,209.27,2026-09-17T00:13:00
ORD-00073,CUST-0039,Doohickey E,9,6.92,2026-09-19T14:14:00
ORD-00074,CUST-0071,Gadget C,2,235.04,2026-09-04T01:20:00
ORD-00075,CUST-0034,Widget A,2,186.89,2026-09-04T12:53:00
ORD-00076,CUST-0035,Gadget C,10,56.6,2026-09-08T19:15:00
ORD-00077,CUST-0027,Gadget C,9,124.69,2026-09-20T06:05:00
ORD-00078,CUST-0007,Widget A,7,208.19,2026-09-02T00:04:00
ORD-00079,CUST-0001,Gadget C,3,161.09,2026-09-06T23:03:00
ORD-00080,CUST-0021,Gizmo D,9,177.89,2026-09-13T18:19:00
ORD-00081,CUST-0002,Widget A,2,236.54,2026-09-16T17:23:00
ORD-00082,CUST-0116,Widget B,9,13.83,2026-09-09T09:38:00
ORD-00083,CUST-0075,Doohickey E,3,110.3,2026-09-01T22:50:00
ORD-00084,CUST-0040,Gadget C,1,225.24,2026-09-05T18:43:00
ORD-00085,CUST-0088,Widget B,2,91.65,2026-09-13T17:46:00
ORD-00086,CUST-0114,Gizmo D,10,188.62,2026-09-06T09:17:00
ORD-00087,CUST-0111,Widget B,3,220.95,2026-09-01T13:32:00
ORD-00088,CUST-0023,Gadget C,7,201.55,2026-09-20T15:53:00
ORD-00089,CUST-0095,Widget B,5,44.0,2026-09-16T22:59:00
ORD-00090,CUST-0014,Gizmo D,1,215.36,2026-09-06T01:28:00
ORD-00091,CUST-0026,Gizmo D,6,79.77,2026-09-19T02:21:00
ORD-00092,CUST-0112,Widget B,4,10.8,2026-09-05T09:28:00
ORD-00093,CUST-0052,Gadget C,5,216.77,2026-09-18T14:20:00
ORD-00094,CUST-0036,Gadget C,9,102.92,2026-09-20T04:45:00
ORD-00095,CUST-0069,Gadget C,1,33.26,2026-09-06T22:39:00
ORD-00096,CUST-0023,Doohickey E,5,14.37,2026-09-14T13:48:00
ORD-00097,CUST-0056,Gadget C,6,111.92,2026-09-12T15:18:00
ORD-00098,CUST-0015,Gizmo D,10,51.57,2026-09-02T00:14:00
ORD-00099,CUST-0091,Gizmo D,1,132.38,2026-09-19T08:27:00
ORD-00100,CUST-0069,Widget B,6,110.67,2026-09-16T02:45:00
ORD-00101,CUST-0118,Gadget C,10,81.91,2026-09-20T07:07:00
ORD-00102,CUST-0016,Gadget C,9,80.77,2026-09-10T07:02:00
ORD-00103,CUST-0042,Gizmo D,5,140.83,2026-09-05T08:46:00
ORD-00104,CUST-0054,Gizmo D,3,155.8,2026-09-07T20:21:00
ORD-00105,CUST-0052,Doohickey E,1,79.45,2026-09-05T18:47:00
ORD-00106,CUST-0056,Doohickey E,10,165.4,2026-09-11T13:56:00
ORD-00107,CUST-0057,Gizmo D,4,130.24,2026-09-19T01:29:00
ORD-00108,CUST-0116,Widget B,2,74.53,2026-09-16T02:33:00
ORD-00109,CUST-0082,Doohickey E,6,27.88,2026-09-18T02:13:00
ORD-00110,CUST-0031,Gadget C,4,202.61,2026-09-04T08:28:00
ORD-00111,CUST-0004,Widget A,4,246.06,2026-09-14T21:50:00
ORD-00112,CUST-0109,Widget A,8,106.54,2026-09-15T07:56:00
ORD-00113,CUST-0074,Widget B,7,126.12,2026-09-06T13:14:00
ORD-00114,CUST-0019,Widget A,2,195.71,2026-09-05T23:30:00
ORD-00115,CUST-0023,Doohickey E,8,17.3,2026-09-06T16:05:00
ORD-00116,CUST-0118,Widget A,8,37.67,2026-09-11T13:45:00
ORD-00117,CUST-0086,Doohickey E,9,150.89,2026-09-18T04:28:00
ORD-00118,CUST-0115,Gizmo D,10,204.68,2026-09-12T11:40:00
ORD-00119,CUST-0055,Doohickey E,8,224.82,2026-09-17T22:08:00
ORD-00120,CUST-0111,Gizmo D,8,68.5,2026-09-06T15:01:00
ORD-00121,CUST-0108,Gadget C,9,123.73,2026-09-06T10:39:00
ORD-00122,CUST-0036,Gizmo D,2,179.82,2026-09-06T08:03:00
ORD-00123,CUST-0035,Gadget C,6,223.79,2026-09-02T20:00:00
ORD-00124,CUST-0018,Widget B,4,98.84,2026-09-04T11:27:00
ORD-00125,CUST-0091,Widget B,2,106.64,2026-09-08T12:42:00
ORD-00126,CUST-0070,Gizmo D,7,20.26,2026-09-19T22:52:00
ORD-00127,CUST-0054,Gizmo D,10,236.79,2026-09-01T10:40:00
ORD-00128,CUST-0110,Doohickey E,7,121.86,2026-09-09T00:06:00
ORD-00129,CUST-0039,Gizmo D,7,136.86,2026-09-17T17:12:00
ORD-00130,CUST-0070,Doohickey E,4,124.62,2026-09-07T05:03:00
ORD-00131,CUST-0056,Gizmo D,1,100.27,2026-09-16T05:17:00
ORD-00132,CUST-0087,Gizmo D,3,210.92,2026-09-03T21:42:00
ORD-00133,CUST-0080,Doohickey E,1,227.2,2026-09-14T11:15:00
ORD-00134,CUST-0073,Widget A,2,162.47,2026-09-04T02:06:00
ORD-00135,CUST-0111,Gizmo D,3,17.32,2026-09-09T15:02:00
ORD-00136,CUST-0042,Widget B,8,85.08,2026-09-18T07:43:00
ORD-00137,CUST-0113,Gizmo D,5,189.24,2026-09-19T22:20:00
ORD-00138,CUST-0054,Gadget C,2,120.23,2026-09-18T01:04:00
ORD-00139,CUST-0070,Widget A,6,59.93,2026-09-02T13:28:00
ORD-00140,CUST-0100,Widget A,1,237.65,2026-09-05T12:52:00
ORD-00141,CUST-0108,Widget A,10,42.33,2026-09-03T20:56:00
ORD-00142,CUST-0061,Widget A,10,237.2,2026-09-11T13:58:00
ORD-00143,CUST-0090,Gadget C,6,46.11,2026-09-14T19:38:00
ORD-00144,CUST-0096,Widget A,3,241.36,2026-09-03T11:02:00
ORD-00145,CUST-0075,Widget A,5,146.07,2026-09-09T12:58:00
ORD-00146,CUST-0051,Widget B,2,150.06,2026-09-19T21:36:00
ORD-00147,CUST-0081,Widget B,2,175.81,2026-09-07T20:42:00
ORD-00148,CUST-0109,Doohickey E,2,200.08,2026-09-13T21:04:00
ORD-00149,CUST-0101,Widget A,6,135.52,2026-09-16T01:16:00
ORD-00150,CUST-0048,Widget A,9,163.65,2026-09-01T06:54:00
ORD-00151,CUST-0109,Gizmo D,8,30.86,2026-09-09T05:48:00
ORD-00152,CUST-0082,Gizmo D,3,111.69,2026-09-17T16:45:00
ORD-00153,CUST-0067,Gadget C,10,203.01,2026-09-13T05:54:00
ORD-00154,CUST-0100,Gizmo D,8,111.72,2026-09-17T15:14:00
ORD-00155,CUST-0076,Gadget C,6,213.67,2026-09-19T21:41:00
ORD-00156,CUST-0120,Widget A,5,221.0,2026-09-06T13:10:00
ORD-00157,CUST-0097,Gizmo D,10,154.53,2026-09-09T14:58:00
ORD-00158,CUST-0044,Widget A,8,213.48,2026-09-05T03:18:00
ORD-00159,CUST-0063,Widget B,6,200.47,2026-09-08T17:52:00
ORD-00160,CUST-0036,Doohickey E,5,141.17,2026-09-12T18:08:00
ORD-00161,CUST-0025,Widget A,4,181.42,2026-09-12T02:49:00
ORD-00162,CUST-0072,Widget B,8,163.25,2026-09-12T04:03:00
ORD-00163,CUST-0058,Widget A,2,77.09,2026-09-10T04:51:00
ORD-00164,CUST-0089,Widget B,5,167.67,2026-09-09T09:32:00
ORD-00165,CUST-0061,Doohickey E,9,89.22,2026-09-17T23:22:00
ORD-00166,CUST-0071,Gadget C,6,177.2,2026-09-07T03:57:00
ORD-00167,CUST-0040,Gadget C,4,34.56,2026-09-05T09:10:00
ORD-00168,CUST-0041,Widget A,9,237.97,2026-09-16T16:55:00
ORD-00169,CUST-0024,Widget B,4,185.96,2026-09-07T07:00:00
ORD-00170,CUST-0093,Doohickey E,9,151.21,2026-09-03T06:54:00
ORD-00171,CUST-0107,Widget B,5,60.73,2026-09-05T01:59:00
ORD-00172,CUST-0039,Widget A,9,36.01,2026-09-02T00:51:00
ORD-00173,CUST-0007,Doohickey E,5,175.87,2026-09-03T20:57:00
ORD-00174,CUST-0082,Gizmo D,2,218.82,2026-09-14T01:30:00
ORD-00175,CUST-0037,Gizmo D,8,112.91,2026-09-05T04:41:00
ORD-00176,CUST-0007,Gadget C,8,32.95,2026-09-02T11:41:00
ORD-00177,CUST-0052,Gizmo D,2,146.37,2026-09-16T14:53:00
ORD-00178,CUST-0007,Widget B,3,203.73,2026-09-07T21:56:00
ORD-00179,CUST-0011,Widget B,2,141.73,2026-09-10T11:17:00
ORD-00180,CUST-0078,Doohickey E,10,60.29,2026-09-12T21:23:00
ORD-00181,CUST-0049,Gizmo D,8,77.85,2026-09-14T09:24:00
ORD-00182,CUST-0055,Gadget C,10,157.15,2026-09-14T20:56:00
ORD-00183,CUST-0095,Widget A,4,158.25,2026-09-07T00:31:00
ORD-00184,CUST-0085,Widget A,3,63.77,2026-09-13T13:27:00
ORD-00185,CUST-0010,Widget B,1,105.09,2026-09-16T16:29:00
ORD-00186,CUST-0077,Gizmo D,5,13.0,2026-09-07T13:20:00
ORD-00187,CUST-0091,Gadget C,8,22.44,2026-09-06T07:28:00
ORD-00188,CUST-0119,Gadget C,10,166.99,2026-09-05T12:02:00
ORD-00189,CUST-0055,Widget A,9,60.08,2026-09-04T09:22:00
ORD-00190,CUST-0117,Gadget C,3,22.5,2026-09-04T18:36:00
ORD-00191,CUST-0102,Gadget C,10,188.49,2026-09-13T22:51:00
ORD-00192,CUST-0118,Gadget C,8,35.47,2026-09-16T16:06:00
ORD-00193,CUST-0039,Gizmo D,5,127.62,2026-09-12T05:40:00
ORD-00194,CUST-0057,Widget A,10,14.77,2026-09-10T19:56:00
ORD-00195,CUST-0095,Gadget C,10,66.34,2026-09-03T01:52:00
ORD-00196,CUST-0030,Doohickey E,10,237.94,2026-09-18T09:39:00
ORD-00197,CUST-0087,Gadget C,10,14.86,2026-09-18T05:01:00
ORD-00198,CUST-0023,Gizmo D,9,164.62,2026-09-07T07:54:00
ORD-00199,CUST-0024,Doohickey E,7,160.52,2026-09-12T04:32:00
ORD-00200,CUST-0012,Gizmo D,6,105.05,2026-09-08T07:20:00
ORD-00201,CUST-0086,Widget A,3,85.8,2026-09-16T18:50:00
ORD-00202,CUST-0064,Gadget C,7,204.32,2026-09-13T12:25:00
ORD-00203,CUST-0005,Gizmo D,2,82.06,2026-09-08T08:33:00
ORD-00204,CUST-0015,Gizmo D,9,207.11,2026-09-01T00:37:00
ORD-00205,CUST-0085,Doohickey E,8,106.25,2026-09-05T06:26:00
ORD-00206,CUST-0067,Gadget C,10,190.33,2026-09-15T05:33:00
ORD-00207,CUST-0057,Widget A,4,70.43,2026-09-03T23:33:00
ORD-00208,CUST-0119,Gadget C,8,220.81,2026-09-12T00:43:00
ORD-00209,CUST-0016,Widget A,10,200.83,2026-09-17T03:38:00
ORD-00210,CUST-0021,Gadget C,9,8.35,2026-09-10T06:49:00
ORD-00211,CUST-0012,Widget B,2,118.05,2026-09-03T16:09:00
ORD-00212,CUST-0083,Widget B,8,233.5,2026-09-07T15:23:00
ORD-00213,CUST-0066,Gadget C,7,209.51,2026-09-11T17:53:00
ORD-00214,CUST-0032,Gizmo D,9,40.44,2026-09-05T08:05:00
ORD-00215,CUST-0118,Doohickey E,9,187.84,2026-09-04T02:33:00
ORD-00216,CUST-0111,Widget A,5,194.31,2026-09-20T10:37:00
ORD-00217,CUST-0054,Gadget C,9,70.46,2026-09-01T01:24:00
ORD-00218,CUST-0037,Gadget C,10,147.08,2026-09-16T00:24:00
ORD-00219,CUST-0063,Widget B,8,136.95,2026-09-08T20:29:00
ORD-00220,CUST-0043,Doohickey E,9,97.42,2026-09-08T07:44:00
ORD-00221,CUST-0112,Widget B,4,145.09,2026-09-06T07:33:00
ORD-00222,CUST-0110,Gizmo D,1,82.95,2026-09-11T18:18:00
ORD-00223,CUST-0091,Gizmo D,7,247.16,2026-09-19T00:45:00
ORD-00224,CUST-0106,Widget B,8,241.38,2026-09-03T20:56:00
ORD-00225,CUST-0065,Doohickey E,6,218.08,2026-09-20T21:25:00
ORD-00226,CUST-0109,Gizmo D,2,133.86,2026-09-11T09:32:00
ORD-00227,CUST-0002,Widget B,7,218.38,2026-09-04T12:18:00
ORD-00228,CUST-0010,Gizmo D,5,87.95,2026-09-16T18:18:00
ORD-00229,CUST-0051,Widget A,6,213.82,2026-09-20T13:18:00
ORD-00230,CUST-0069,Gizmo D,6,158.57,2026-09-18T06:44:00
ORD-00231,CUST-0063,Doohickey E,1,156.28,2026-09-06T08:12:00
ORD-00232,CUST-0081,Gadget C,4,187.96,2026-09-10T21:00:00
ORD-00233,CUST-0013,Widget A,8,45.76,2026-09-07T19:32:00
ORD-00234,CUST-0116,Widget A,1,84.47,2026-09-02T06:38:00
ORD-00235,CUST-0038,Gadget C,6,110.52,2026-09-06T13:21:00
ORD-00236,CUST-0068,Gizmo D,10,172.04,2026-09-05T02:20:00
ORD-00237,CUST-0022,Widget B,2,154.33,2026-09-09T16:55:00
ORD-00238,CUST-0080,Widget B,8,228.64,2026-09-04T06:09:00
ORD-00239,CUST-0030,Gizmo D,5,117.59,2026-09-16T04:11:00
ORD-00240,CUST-0002,Gizmo D,5,171.01,2026-09-04T14:16:00
ORD-00241,CUST-0010,Gizmo D,6,246.97,2026-09-07T19:22:00
ORD-00242,CUST-0082,Gizmo D,5,116.92,2026-09-07T20:59:00
ORD-00243,CUST-0026,Gizmo D,8,31.13,2026-09-09T16:16:00
ORD-00244,CUST-0074,Gadget C,10,77.49,2026-09-16T21:53:00
ORD-00245,CUST-0038,Widget A,7,72.25,2026-09-13T21:04:00
ORD-00246,CUST-0111,Widget A,10,187.57,2026-09-19T22:50:00
ORD-00247,CUST-0116,Gadget C,4,153.73,2026-09-09T00:24:00
ORD-00248,CUST-0029,Widget B,10,66.4,2026-09-18T04:38:00
ORD-00249,CUST-0093,Widget B,2,226.33,2026-09-15T16:59:00
ORD-00250,CUST-0006,Gadget C,8,13.17,2026-09-09T07:15:00
ORD-00251,CUST-0094,Widget B,2,227.86,2026-09-08T10:25:00
ORD-00252,CUST-0096,Gizmo D,3,54.19,2026-09-18T21:32:00
ORD-00253,CUST-0070,Gadget C,9,127.94,2026-09-07T04:50:00
ORD-00254,CUST-0107,Widget B,5,228.94,2026-09-11T23:09:00
ORD-00255,CUST-0104,Gadget C,6,202.04,2026-09-11T15:46:00
ORD-00256,CUST-0010,Widget B,4,215.73,2026-09-17T11:31:00
ORD-00257,CUST-0087,Gizmo D,9,94.61,2026-09-18T23:49:00
ORD-00258,CUST-0051,Widget A,5,136.46,2026-09-11T08:22:00
ORD-00259,CUST-0048,Gadget C,10,98.35,2026-09-15T12:43:00
ORD-00260,CUST-0048,Widget A,4,120.51,2026-09-15T02:21:00
ORD-00261,CUST-0114,Doohickey E,6,229.24,2026-09-06T00:53:00
ORD-00262,CUST-0083,Widget A,8,227.8,2026-09-07T21:02:00
ORD-00263,CUST-0084,Gizmo D,2,39.25,2026-09-01T20:19:00
ORD-00264,CUST-0039,Gizmo D,2,28.81,2026-09-13T05:34:00
ORD-00265,CUST-0018,Gizmo D,8,95.9,2026-09-17T21:51:00
ORD-00266,CUST-0090,Doohickey E,7,148.9,2026-09-17T12:49:00
ORD-00267,CUST-0020,Gizmo D,2,209.25,2026-09-15T00:13:00
ORD-00268,CUST-0053,Gadget C,1,174.12,2026-09-05T22:39:00
ORD-00269,CUST-0057,Gizmo D,4,214.59,2026-09-03T06:15:00
ORD-00270,CUST-0088,Gadget C,9,225.92,2026-09-15T16:09:00
ORD-00271,CUST-0046,Widget A,7,72.59,2026-09-03T18:42:00
ORD-00272,CUST-0109,Gizmo D,2,167.38,2026-09-15T14:27:00
ORD-00273,CUST-0082,Doohickey E,1,17.39,2026-09-08T14:08:00
ORD-00274,CUST-0032,Widget B,10,55.28,2026-09-19T21:11:00
ORD-00275,CUST-0098,Doohickey E,4,148.66,2026-09-19T12:02:00
ORD-00276,CUST-0112,Widget B,6,194.72,2026-09-18T22:42:00
ORD-00277,CUST-0116,Doohickey E,1,72.93,2026-09-04T07:01:00
ORD-00278,CUST-0017,Doohickey E,5,200.64,2026-09-03T12:02:00
ORD-00279,CUST-0085,Widget A,3,8.64,2026-09-18T23:26:00
ORD-00280,CUST-0101,Widget B,10,84.32,2026-09-04T23:09:00
ORD-00281,CUST-0034,Widget A,3,186.72,2026-09-12T23:18:00
ORD-00282,CUST-0015,Widget A,8,114.83,2026-09-09T05:43:00
ORD-00283,CUST-0066,Doohickey E,2,115.74,2026-09-06T00:59:00
ORD-00284,CUST-0079,Widget A,9,78.9,2026-09-15T15:20:00
ORD-00285,CUST-0004,Widget A,8,212.59,2026-09-10T16:48:00
ORD-00286,CUST-0088,Widget A,8,179.54,2026-09-11T02:14:00
ORD-00287,CUST-0010,Widget A,6,154.03,2026-09-02T11:52:00
ORD-00288,CUST-0017,Gadget C,10,160.1,2026-09-13T11:28:00
ORD-00289,CUST-0092,Gadget C,7,248.68,2026-09-13T01:45:00
ORD-00290,CUST-0038,Gizmo D,9,153.33,2026-09-03T06:09:00
ORD-00291,CUST-0102,Widget A,9,181.61,2026-09-05T21:25:00
ORD-00292,CUST-0056,Gizmo D,4,106.38,2026-09-19T19:52:00
ORD-00293,CUST-0059,Gizmo D,7,183.76,2026-09-08T02:41:00
ORD-00294,CUST-0055,Gadget C,5,96.7,2026-09-04T11:21:00
ORD-00295,CUST-0088,Gizmo D,2,27.35,2026-09-02T22:37:00
ORD-00296,CUST-0012,Gizmo D,2,187.42,2026-09-09T11:30:00
ORD-00297,CUST-0104,Widget B,9,19.7,2026-09-13T18:42:00
ORD-00298,CUST-0072,Gadget C,2,105.65,2026-09-20T21:06:00
ORD-00299,CUST-0086,Gizmo D,1,242.26,2026-09-14T15:54:00
ORD-00300,CUST-0040,Gadget C,2,146.59,2026-09-05T20:11:00
ORD-00301,CUST-0020,Gizmo D,4,212.58,2026-09-08T23:12:00
ORD-00302,CUST-0109,Doohickey E,6,33.15,2026-09-07T08:08:00
ORD-00303,CUST-0074,Widget B,7,212.06,2026-09-18T11:07:00
ORD-00304,CUST-0105,Doohickey E,10,170.37,2026-09-13T16:03:00
ORD-00305,CUST-0004,Doohickey E,5,12.09,2026-09-07T05:14:00
ORD-00306,CUST-0090,Gadget C,6,91.0,2026-09-05T03:04:00
ORD-00307,CUST-0112,Widget B,10,166.05,2026-09-02T14:00:00
ORD-00308,CUST-0019,Widget A,2,187.8,2026-09-05T21:29:00
ORD-00309,CUST-0049,Gizmo D,8,88.52,2026-09-09T10:05:00
ORD-00310,CUST-0040,Gadget C,10,151.07,2026-09-02T04:43:00
ORD-00311,CUST-0020,Widget B,10,17.19,2026-09-02T20:33:00
ORD-00312,CUST-0035,Gizmo D,7,123.99,2026-09-11T01:24:00
ORD-00313,CUST-0054,Gadget C,4,189.96,2026-09-03T14:09:00
ORD-00314,CUST-0045,Gizmo D,2,74.4,2026-09-16T10:32:00
ORD-00315,CUST-0076,Gizmo D,9,168.45,2026-09-02T00:48:00
ORD-00316,CUST-0029,Gizmo D,10,18.42,2026-09-05T15:38:00
ORD-00317,CUST-0039,Widget B,3,192.22,2026-09-07T14:04:00
ORD-00318,CUST-0042,Widget A,1,126.86,2026-09-10T19:11:00
ORD-00319,CUST-0023,Widget B,7,135.48,2026-09-06T05:40:00
ORD-00320,CUST-0065,Doohickey E,6,22.66,2026-09-20T14:38:00
ORD-00321,CUST-0095,Widget A,7,9.59,2026-09-02T18:31:00
ORD-00322,CUST-0111,Gadget C,10,110.17,2026-09-10T04:52:00
ORD-00323,CUST-0091,Gizmo D,5,33.22,2026-09-01T11:23:00
ORD-00324,CUST-0042,Widget B,10,117.72,2026-09-16T16:37:00
ORD-00325,CUST-0118,Gadget C,2,111.99,2026-09-03T09:48:00
ORD-00326,CUST-0032,Gizmo D,10,103.11,2026-09-02T18:57:00
ORD-00327,CUST-0051,Gadget C,6,59.29,2026-09-18T17:30:00
ORD-00328,CUST-0022,Widget A,9,160.14,2026-09-13T01:46:00
ORD-00329,CUST-0066,Widget B,6,91.02,2026-09-19T15:15:00
ORD-00330,CUST-0083,Widget B,4,30.19,2026-09-06T19:47:00
ORD-00331,CUST-0026,Widget B,10,42.45,2026-09-18T06:35:00
ORD-00332,CUST-0084,Widget A,3,238.07,2026-09-15T06:56:00
ORD-00333,CUST-0064,Gizmo D,10,191.17,2026-09-11T05:09:00
ORD-00334,CUST-0088,Doohickey E,10,84.19,2026-09-15T06:32:00
ORD-00335,CUST-0041,Widget B,8,21.73,2026-09-11T01:30:00
ORD-00336,CUST-0081,Gadget C,5,149.9,2026-09-09T00:12:00
ORD-00337,CUST-0065,Widget A,5,118.13,2026-09-01T20:32:00
ORD-00338,CUST-0008,Gadget C,5,23.8,2026-09-20T15:59:00
ORD-00339,CUST-0110,Widget A,10,150.55,2026-09-09T17:58:00
ORD-00340,CUST-0060,Doohickey E,9,238.79,2026-09-17T19:32:00
ORD-00341,CUST-0115,Widget A,8,227.72,2026-09-14T00:12:00
ORD-00342,CUST-0084,Widget B,6,153.23,2026-09-12T09:48:00
ORD-00343,CUST-0020,Widget A,8,30.36,2026-09-20T01:19:00
ORD-00344,CUST-0044,Widget A,9,163.3,2026-09-01T21:22:00
ORD-00345,CUST-0032,Gizmo D,8,133.4,2026-09-14T21:02:00
ORD-00346,CUST-0021,Gadget C,6,229.89,2026-09-09T19:34:00
ORD-00347,CUST-0053,Gadget C,10,17.83,2026-09-15T08:32:00
ORD-00348,CUST-0083,Gadget C,2,85.77,2026-09-13T16:43:00
ORD-00349,CUST-0087,Gizmo D,5,66.74,2026-09-20T09:04:00
ORD-00350,CUST-0085,Doohickey E,3,86.67,2026-09-14T06:15:00
ORD-00351,CUST-0085,Widget B,6,81.01,2026-09-15T22:17:00
ORD-00352,CUST-0090,Gizmo D,3,150.79,2026-09-02T22:16:00
ORD-00353,CUST-0040,Doohickey E,7,162.66,2026-09-08T11:23:00
ORD-00354,CUST-0105,Widget B,9,27.9,2026-09-16T06:09:00
ORD-00355,CUST-0055,Doohickey E,6,9.47,2026-09-08T00:40:00
ORD-00356,CUST-0024,Widget B,6,237.18,2026-09-12T01:34:00
ORD-00357,CUST-0025,Widget B,3,42.96,2026-09-07T17:32:00
ORD-00358,CUST-0109,Widget A,9,193.86,2026-09-20T00:05:00
ORD-00359,CUST-0095,Doohickey E,1,167.17,2026-09-20T22:37:00
ORD-00360,CUST-0099,Doohickey E,3,151.33,2026-09-04T12:14:00
ORD-00361,CUST-0021,Widget B,10,203.22,2026-09-04T18:24:00
ORD-00362,CUST-0093,Gizmo D,1,105.66,2026-09-16T09:23:00
ORD-00363,CUST-0093,Widget B,8,154.6,2026-09-18T02:54:00
ORD-00364,CUST-0096,Gizmo D,4,135.83,2026-09-08T01:00:00
ORD-00365,CUST-0104,Gizmo D,4,95.12,2026-09-13T23:31:00
ORD-00366,CUST-0057,Gizmo D,5,195.64,2026-09-12T10:39:00
ORD-00367,CUST-0068,Gizmo D,3,205.14,2026-09-19T05:35:00
ORD-00368,CUST-0078,Widget B,5,17.78,2026-09-11T22:27:00
ORD-00369,CUST-0112,Gadget C,9,233.9,2026-09-17T04:31:00
ORD-00370,CUST-0109,Doohickey E,2,74.84,2026-09-18T08:45:00
ORD-00371,CUST-0021,Gadget C,8,226.8,2026-09-04T08:28:00
ORD-00372,CUST-0107,Gizmo D,2,236.87,2026-09-06T01:15:00
ORD-00373,CUST-0105,Gizmo D,6,232.97,2026-09-10T10:35:00
ORD-00374,CUST-0007,Gizmo D,9,96.62,2026-09-09T18:53:00
ORD-00375,CUST-0011,Gadget C,4,11.91,2026-09-03T06:06:00
ORD-00376,CUST-0108,Gadget C,3,38.71,2026-09-07T12:40:00
ORD-00377,CUST-0118,Gizmo D,3,190.92,2026-09-11T16:11:00
ORD-00378,CUST-0058,Doohickey E,1,226.94,2026-09-01T10:22:00
ORD-00379,CUST-0033,Widget B,3,139.46,2026-09-17T13:10:00
ORD-00380,CUST-0078,Doohickey E,7,32.24,2026-09-07T13:20:00
ORD-00381,CUST-0031,Gadget C,2,16.7,2026-09-10T13:16:00
ORD-00382,CUST-0082,Doohickey E,8,20.39,2026-09-20T00:56:00
ORD-00383,CUST-0116,Gizmo D,10,136.33,2026-09-15T09:07:00
ORD-00384,CUST-0066,Doohickey E,4,181.04,2026-09-07T15:04:00
ORD-00385,CUST-0055,Widget A,10,91.44,2026-09-13T23:39:00
ORD-00386,CUST-0054,Widget B,2,133.25,2026-09-09T04:56:00
ORD-00387,CUST-0009,Doohickey E,9,129.3,2026-09-12T13:13:00
ORD-00388,CUST-0071,Widget A,7,218.97,2026-09-01T23:46:00
ORD-00389,CUST-0082,Gizmo D,6,67.14,2026-09-01T08:52:00
ORD-00390,CUST-0046,Widget A,6,64.08,2026-09-15T22:51:00
ORD-00391,CUST-0081,Widget A,10,185.12,2026-09-08T13:35:00
ORD-00392,CUST-0018,Widget A,6,138.77,2026-09-19T12:17:00
ORD-00393,CUST-0083,Widget B,8,245.3,2026-09-11T21:20:00
ORD-00394,CUST-0081,Widget B,3,20.46,2026-09-18T15:54:00
ORD-00395,CUST-0059,Widget A,5,54.39,2026-09-19T00:03:00
ORD-00396,CUST-0026,Widget A,6,233.68,2026-09-12T17:28:00
ORD-00397,CUST-0051,Doohickey E,8,67.06,2026-09-18T03:23:00
ORD-00398,CUST-0083,Widget B,5,92.46,2026-09-18T18:26:00
ORD-00399,CUST-0007,Gadget C,5,35.5,2026-09-09T08:59:00
ORD-00400,CUST-0056,Gizmo D,8,224.19,2026-09-09T19:09:00
ORD-00401,CUST-0044,Widget B,8,174.56,2026-09-09T08:37:00
ORD-00402,CUST-0119,Doohickey E,5,201.28,2026-09-17T13:05:00
ORD-00403,CUST-0055,Widget A,7,152.6,2026-09-19T17:06:00
ORD-00404,CUST-0024,Doohickey E,5,83.7,2026-09-02T19:43:00
ORD-00405,CUST-0042,Gadget C,5,114.25,2026-09-17T07:56:00
ORD-00406,CUST-0055,Widget B,8,91.13,2026-09-01T23:07:00
ORD-00407,CUST-0094,Gadget C,10,249.55,2026-09-07T05:56:00
ORD-00408,CUST-0082,Widget A,2,169.44,2026-09-10T05:50:00
ORD-00409,CUST-0047,Doohickey E,3,238.43,2026-09-04T05:58:00
ORD-00410,CUST-0109,Doohickey E,8,13.53,2026-09-02T12:43:00
ORD-00411,CUST-0031,Gadget C,6,98.8,2026-09-13T21:47:00
ORD-00412,CUST-0005,Doohickey E,3,171.37,2026-09-09T10:35:00
ORD-00413,CUST-0048,Gizmo D,2,145.61,2026-09-13T01:09:00
ORD-00414,CUST-0047,Gizmo D,6,164.14,2026-09-06T16:19:00
ORD-00415,CUST-0015,Widget A,3,127.27,2026-09-09T19:20:00
ORD-00416,CUST-0117,Doohickey E,2,69.14,2026-09-06T22:09:00
ORD-00417,CUST-0091,Gizmo D,4,249.11,2026-09-07T11:57:00
ORD-00418,CUST-0089,Gizmo D,4,35.05,2026-09-20T09:45:00
ORD-00419,CUST-0010,Gizmo D,3,225.18,2026-09-11T03:05:00
ORD-00420,CUST-0012,Gadget C,6,178.84,2026-09-13T12:22:00
ORD-00421,CUST-0070,Gadget C,5,213.58,2026-09-17T04:44:00
ORD-00422,CUST-0091,Widget B,6,129.65,2026-09-03T18:16:00
ORD-00423,CUST-0026,Widget B,4,198.64,2026-09-01T14:21:00
ORD-00424,CUST-0047,Doohickey E,10,95.38,2026-09-19T06:54:00
ORD-00425,CUST-0071,Widget B,10,221.64,2026-09-02T11:54:00
ORD-00426,CUST-0040,Gizmo D,8,133.8,2026-09-18T12:03:00
ORD-00427,CUST-0053,Doohickey E,2,35.71,2026-09-08T05:08:00
ORD-00428,CUST-0083,Widget A,8,119.13,2026-09-12T18:32:00
ORD-00429,CUST-0045,Widget B,9,161.75,2026-09-05T03:22:00
ORD-00430,CUST-0099,Widget B,7,128.2,2026-09-20T18:09:00
ORD-00431,CUST-0008,Widget A,9,42.49,2026-09-04T17:55:00
ORD-00432,CUST-0021,Gadget C,4,89.78,2026-09-12T19:23:00
ORD-00433,CUST-0115,Gadget C,2,66.4,2026-09-15T10:49:00
ORD-00434,CUST-0071,Gadget C,3,158.13,2026-09-14T23:33:00
ORD-00435,CUST-0069,Widget A,9,162.04,2026-09-14T11:12:00
ORD-00436,CUST-0075,Widget B,3,166.39,2026-09-17T09:33:00
ORD-00437,CUST-0116,Doohickey E,6,211.42,2026-09-13T19:48:00
ORD-00438,CUST-0006,Widget A,2,16.14,2026-09-15T14:19:00
ORD-00439,CUST-0099,Doohickey E,5,164.53,2026-09-18T10:51:00
ORD-00440,CUST-0074,Gizmo D,10,161.55,2026-09-12T07:59:00
ORD-00441,CUST-0114,Doohickey E,5,162.27,2026-09-07T20:59:00
ORD-00442,CUST-0062,Widget B,7,77.87,2026-09-02T15:51:00
ORD-00443,CUST-0089,Widget A,3,112.7,2026-09-12T00:27:00
ORD-00444,CUST-0060,Widget B,6,153.63,2026-09-08T02:42:00
ORD-00445,CUST-0111,Gadget C,6,243.97,2026-09-03T23:24:00
ORD-00446,CUST-0098,Gadget C,9,142.6,2026-09-08T06:16:00
ORD-00447,CUST-0031,Gizmo D,2,70.53,2026-09-06T15:23:00
ORD-00448,CUST-0019,Widget A,1,76.1,2026-09-09T17:47:00
ORD-00449,CUST-0111,Doohickey E,7,65.83,2026-09-20T16:34:00
ORD-00450,CUST-0116,Widget B,6,233.77,2026-09-17T09:49:00
ORD-00451,CUST-0041,Widget B,3,127.08,2026-09-12T17:06:00
ORD-00452,CUST-0060,Gizmo D,5,126.86,2026-09-03T01:10:00
ORD-00453,CUST-0051,Doohickey E,8,241.84,2026-09-05T21:29:00
ORD-00454,CUST-0075,Gadget C,1,17.38,2026-09-12T06:16:00
ORD-00455,CUST-0077,Gizmo D,5,136.49,2026-09-20T06:40:00
ORD-00456,CUST-0014,Gizmo D,3,221.2,2026-09-17T13:18:00
ORD-00457,CUST-0047,Gizmo D,6,16.08,2026-09-02T03:56:00
ORD-00458,CUST-0073,Doohickey E,4,93.82,2026-09-07T13:36:00
ORD-00459,CUST-0010,Gizmo D,9,115.34,2026-09-13T12:17:00
ORD-00460,CUST-0036,Doohickey E,10,34.11,2026-09-03T04:48:00
ORD-00461,CUST-0051,Gadget C,6,141.67,2026-09-09T07:40:00
ORD-00462,CUST-0097,Widget B,4,152.6,2026-09-10T03:12:00
ORD-00463,CUST-0065,Widget A,1,14.53,2026-09-17T05:42:00
ORD-00464,CUST-0043,Gizmo D,9,116.96,2026-09-14T19:05:00
ORD-00465,CUST-0115,Doohickey E,3,85.35,2026-09-14T22:49:00
ORD-00466,CUST-0041,Widget B,7,247.7,2026-09-17T19:46:00
ORD-00467,CUST-0108,Gadget C,10,87.41,2026-09-19T20:21:00
ORD-00468,CUST-0066,Doohickey E,8,178.64,2026-09-07T19:43:00
ORD-00469,CUST-0061,Widget A,6,86.15,2026-09-03T11:51:00
ORD-00470,CUST-0054,Doohickey E,5,200.2,2026-09-17T12:07:00
ORD-00471,CUST-0112,Widget A,10,121.27,2026-09-15T22:02:00
ORD-00472,CUST-0101,Doohickey E,10,60.75,2026-09-02T04:02:00
ORD-00473,CUST-0075,Gizmo D,3,133.44,2026-09-17T09:51:00
ORD-00474,CUST-0080,Gizmo D,3,206.31,2026-09-06T12:16:00
ORD-00475,CUST-0005,Doohickey E,2,51.74,2026-09-11T00:51:00
ORD-00476,CUST-0041,Gizmo D,3,106.18,2026-09-05T15:21:00
ORD-00477,CUST-0053,Doohickey E,10,230.53,2026-09-20T20:40:00
ORD-00478,CUST-0109,Widget A,3,132.08,2026-09-13T18:19:00
ORD-00479,CUST-0042,Gizmo D,9,97.32,2026-09-04T22:34:00
ORD-00480,CUST-0059,Doohickey E,6,138.84,2026-09-16T09:06:00
ORD-00481,CUST-0099,Gadget C,10,123.62,2026-09-06T14:37:00
ORD-00482,CUST-0036,Doohickey E,5,60.09,2026-09-07T18:32:00
ORD-00483,CUST-0099,Gadget C,4,174.11,2026-09-12T03:03:00
ORD-00484,CUST-0041,Gizmo D,6,142.32,2026-09-19T02:23:00
ORD-00485,CUST-0093,Gadget C,5,34.86,2026-09-16T09:31:00
ORD-00486,CUST-0070,Gizmo D,7,205.5,2026-09-18T14:11:00
ORD-00487,CUST-0103,Widget B,5,15.31,2026-09-17T06:00:00
ORD-00488,CUST-0011,Gadget C,8,165.71,2026-09-18T00:08:00
ORD-00489,CUST-0062,Widget B,4,207.85,2026-09-07T04:04:00
ORD-00490,CUST-0120,Doohickey E,5,38.63,2026-09-15T00:14:00
ORD-00491,CUST-0095,Doohickey E,4,64.4,2026-09-16T05:49:00
ORD-00492,CUST-0116,Doohickey E,4,161.3,2026-09-02T04:40:00
ORD-00493,CUST-0013,Gizmo D,6,180.75,2026-09-03T06:54:00
ORD-00494,CUST-0088,Widget B,1,241.31,2026-09-04T14:15:00
ORD-00495,CUST-0053,Gizmo D,8,164.38,2026-09-18T04:49:00
ORD-00496,CUST-0037,Gadget C,5,163.24,2026-09-18T11:49:00
ORD-00497,CUST-0012,Doohickey E,4,136.11,2026-09-17T10:55:00
ORD-00498,CUST-0109,Widget A,3,107.38,2026-09-20T01:26:00
ORD-00499,CUST-0023,Widget A,7,198.05,2026-09-05T05:45:00
